01 RealXmasBook (Bb) - foreward,2,
01 RealXmasBook (Bb) - index,3,
All I Want For Christmas Is You,8,
Almost Day,7,
Angels From The Realms Of Glory,10,
Angels We Have Heard On High,11,
As Long As There's Christmas,12,
Auld Lang Syne,14,
Away In A Manger (Spillman),15,
Away In A Manger (Murray),16,
"Baby, It's Cold Outside",18,
Because It's Christmas (For All The Children),20,
Blue Christmas,17,
"Boar's Head Carol, The",22,
Brazilian Sleigh Bells,24,
"Bring A Torch, Jeannette, Isabella",23,
Burgundian Carol,26,
"Caroling, Caroling",28,
"Caroling We Go, A",6,
"Chipmunk Song, The",29,
Christ Was Born On Christmas Day,30,
C-H-R-I-S-T-M-A-S,32,
Christmas Is,31,
Christmas Is A-Comin' (May God Bless You),34,
Christmas Is The Time To Say I Love You,36,
"Christmas Song, The (Chestnuts Roasting On An Open Fire)",38,
Christmas Time Is Here,39,
"Christmas Waltz, The",40,
Cold December Nights,42,
Coventry Carol,41,
"Dance Of The Sugar Plum Fairy, Op. 71a",44,
Deck The Hall,45,
Ding Dong! Merrily On High!,46,
Do They Know It's Christmas? (Feed The World),48,
Do You Hear What I Hear,47,
Feliz Navidad,50,
"First Noel, The",51,
"Friendly Beasts, The",52,
From Heaven Above To Earth I Come,53,
Frosty The Snow Man,54,
"Fum, Fum, Fum",56,
Gesu Bambino (The Infant Jesus),58,
"Gift, The",60,
"Go, Tell It On The Mountain",57,
"God Rest Ye Merry, Gentlemen",62,
"Good Christian Men, Rejoice",63,
Good King Wenceslas,64,
Grandma Got Run Over By A Reindeer,66,
Grandma's Killer Fruitcake,68,
"Greatest Gift Of All, The",70,
Greenwillow Christmas,65,
Grown-Up Christmas List,72,
Hallelujah Chorus,74,
"Happy Christmas, Little Friend",76,
"Happy Hanukkah, My Friend (The Hanukkah Song)",78,
Happy Holiday,77,
Happy Xmas (War Is Over),80,
Hard Candy Christmas,82,
Hark! The Herald Angels Sing,84,
He,85,
Here Comes Santa Claus (Right Down Santa Claus Lane),86,
Here We Come A-Wassailing,87,
"Holly And The Ivy, The",88,
"Holly Jolly Christmas, The",89,
(There's No Place Like) Home For The Holidays,90,
I Heard The Bells On Christmas Day,92,
I Saw Mommy Kissing Santa Claus,93,
I Wonder As I Wander,94,
I'll Be Home For Christmas,96,
I've Got My Love To Keep Me Warm,95,
It Came Upon The Midnight Clear,98,
It Must Have Been The Mistletoe (Our First Christmas),100,
It's A Big Wide Wonderful World,99,
It's Beginning To Look Like Christmas,102,
It's Christmas In New York,104,
It's Christmas Time All Over The World,106,
It's Just Another New Year's Eve,108,
"Jesu, Joy Of Man's Desiring",110,
Jingle Bell Rock,112,
Jingle Bells,114,
"Jingle, Jingle, Jingle",115,
Joy To The World,116,
June In January,117,
Last Christmas,118,
"Last Month Of The Year, The (What Month Was Jesus Born In?)",120,
Let It Snow! Let It Snow! Let It Snow!,122,
Let's Have An Old Fashioned Christmas,123,
Little Saint Nick,124,
Lost In The Stars,126,
March Of The Toys,128,
"Marshmallow World, A",130,
Mele Kalikimaka,131,
"Merry Christmas, Baby",132,
"Merry Christmas, Darling",134,
"Merry Christmas Polka, The",136,
"Merry, Merry Christmas Baby",138,
"Merry, Merry Christmas To You, A",140,
Mister Santa,142,
Mistletoe And Holly,137,
"Most Wonderful Day Of The Year, The",144,
"Most Wonderful Time Of The Year, The",146,
My Favorite Things,148,
My Only Wish This Year,150,
"Night Before Christmas Song, The",152,
Noel! Noel!,149,
Nuttin' For Christmas,154,
O Christmas Tree,156,
"O Come, All Ye Faithful",157,
"O Come, O Come Immanuel",158,
O Holy Night,160,
O Little Town Of Bethlehem,159,
Old Toy Trains,162,
Parade Of The Wooden Soldiers,164,
Pretty Paper,166,
Rockin' Around The Christmas Tree,168,
Rudolph The Red-Nosed Reindeer,169,
Santa Baby,170,
"Santa, Bring My Baby Back (To Me)",172,
Santa Claus Is Comin' To Town,174,
Shake Me I Rattle (Squeeze Me I Cry),173,
Silent Night,176,
Silver And Gold,177,
Silver Bells,178,
Sing We Now Of Christmas,179,
Snowfall,180,
Someday At Christmas,182,
Somewhere In My Memory,181,
"Star Carol, The",184,
"Still, Still, Still",185,
Suzy Snowflake,186,
Tennessee Christmas,188,
That Christmas Feeling,187,
This Christmas,190,
This One's For The Children,192,
Toyland,194,
'Twas The Night Before Christmas,196,
"Twelve Days Of Christmas, The",198,
Up On The Housetop,195,
We Need A Little Christmas,200,
We Three Kings Of Orient Are,202,
We Wish You A Merry Christmas,203,
What A Merry Christmas This Could Be,204,
What Are You Doing New Year's Eve?,206,
What Child Is This?,207,
When Santa Claus Gets Your Letter,208,
While Shepherds Watched Their Flocks,209,
"White World Of Winter, The",210,
Wonderful Christmastime,212,
"Wonderful World Of Christmas, The",211,
You Make It Feel Like Christmas,214,
You're All I Want For Christmas,216,
