06 Real Book 1 (Bb) foreword,3,
06 Real Book 1 (Bb) index,4,9
African Flower,10,
Afro Blue,11,
Afternoon In Paris,12,
Airegin,13,
Agua De Beber (Water To Drink),14,
Alfie,16,
Alice In Wonderland,17,
All Blues,18,
All By Myself,19,
All Of Me,20,
All Of You,21,
All The Things You Are,22,
Always,23,
"Alright, Okay, You Win",24,
Ana Maria,26,
Angel Eyes,28,
Anthropology,29,
Apple Honey,30,
April In Paris,32,
April Joy,33,
"Arise, Her Eyes",34,
Armageddon,36,
Au Privave,37,
Autumn In New York,38,
Autumn Leaves,39,
Beautiful Love,40,
Beauty And The Blast,41,
Bessie's Blues,42,
Bewitched,43,
Big Nick,44,
Black Coffee,45,
Black Diamond,46,
Black Narcissus,47,
Black Nile,48,
Black Orpheus,49,
Blue Bossa,50,
Blue In Green,51,
Blue Monk,52,
The Blue Room,53,
Blue Train,54,
Blues For Alice,55,
Bluesette,56,
Body And Soul,57,
Boplicity,58,
Bright Size Life,59,
Broad Way Blues,60,
Broadway,61,
But Beautiful,62,
Butterfly,63,
Byrd Like,64,
"C'est Si Bon (It's So Good)",65,
Call Me,66,
Call Me Irresponsible,67,
Can't Help Lovin' Dat Man,68,
Captain Marvel,70,
Central Park West,69,
Ceora,72,
Chega De Saudade (No More Blues),74,
Chelsea Bells,73,
Chelsea Bridge,76,
Cherokee,77,
Cherry Pink And Apple Blossom White,78,
A Child Is Born,79,
Chippie,80,
Chitlins Con Carne,81,
Come Sunday,82,
Como En Vietnam,83,
Con Alma,84,
Conception,86,
Confirmation,87,
Contemplation,88,
Coral,89,
Cottontail,90,
Could It Be You,91,
Countdown,92,
Crescent,93,
Crystal Silence,94,
D Natural Blues,95,
Daahoud,96,
Dancing On The Ceiling,98,
Darn That Dream,99,
Day Waves,100,
Days And Nights Waiting,101,
Dear Old Stockholm,102,
Dearly Beloved,103,
Dedicated To You,104,
Deluge,106,
Desafinado,108,
Desert Air,110,
Detour Ahead,105,
Dexterity,112,
Dizzy Atmosphere,113,
Django,114,
Doin' The Pig,116,
Dolores,118,
Dolphin Dance,119,
Domino Biscuit,120,
Donna Lee,123,
Don't Blame Me,121,
Don't Get Around Much Anymore,122,
Dream A Little Dream Of Me,124,
Dreamsville,125,
